[
	{
		"name": "Everything",
		"desc": "This has a very self-explanatory name. It contains every thing that exists!",
		"inside": ["1-D"]
	},


	{
		"name": "1-D",
		"desc": "Lines.",
		"inside": ["2-D", "Point", "Line"]
	},
	{
		"name": "2-D",
		"desc": "Multiple lines on a single plane.",
		"inside": ["3-D", "Coordinate Plane"]
	},
	{
		"name": "3-D",
		"desc": "Infinite planes stacked on top of each other.",
		"inside": ["4-D", "3-D Space"]
	},
	{
		"name": "4-D",
		"desc": "Time effects all of the previous dimensions.",
		"inside": ["5-D", "Universe"]
	},
	{
		"name": "5-D",
		"desc": "Probablility deviates from the straight line of time.",
		"inside": ["6-D", "Multiverse"]
	},
	{
		"name": "6-D",
		"desc": "A faster way to warp through the 5th and 4th dimensions, like the 3rd dimension with the 1st and 2nd dimensions.",
		"inside": ["7-D", "Multiverse"]
	},
	{
		"name": "7-D",
		"desc": "All possible 5-D outcomes through different starting conditions.",
		"inside": ["8-D", "Multiverse"]
	},
	{
		"name": "8-D",
		"desc": "All possible 6-D outcomes through different starting conditions.",
		"inside": ["9-D", "Multiverse"]
	},
	{
		"name": "9-D",
		"desc": "All possible outcomes through all possible starting conditions.",
		"inside": ["10-D", "Multiverse"]
	},
	{
		"name": "10-D",
		"desc": "Literally everything.",
		"inside": ["Everything"]
	},


	{
		"name": "Universe",
		"desc": "A single rigid 4-dimensional space with a definite outcome.",
		"inside": ["Everything", "String"]
	},
	{
		"name": "Multiverse",
		"desc": "Many universes, all with the same starting point but different outcomes in 5-dimensions.",
		"inside": ["Everything"]
	},


	{
		"name": "Point",
		"desc": "A 0-dimensional point in space. No width, height, or depth, although it may have duration.",
		"inside": ["Line"]
	},
	{
		"name": "Line",
		"desc": "Multiple points that are connected with length, without height or depth in one dimension.",
		"inside": ["Coordinate Plane", "String"]
	},
	{
		"name": "Coordinate Plane",
		"desc": "An imaginary 2-D space with width and length.",
		"inside": ["3-D Space", "String"]
	},
	{
		"name": "3-D Space",
		"desc": "An 3-dimensional space with length, height, and width.",
		"inside": ["Timeline", "String"]
	},
	{
		"name": "Timeline",
		"desc": "A 4-dimensional collection of 3-dimensional spaces that are ordered chronologically.",
		"inside": ["Universe"]
	},


	{
		"name": "String",
		"desc": "Bulding block of all things (In our universe, anyways)",
		"inside": ["Physics"]
	},
	{
		"name": "Physics",
		"desc": "How strings in our universe work.",
		"inside": ["Standard Model", "Quantum Physics"]
	},
	{
		"name": "Standard Model",
		"desc": "NORMAL Physics, with all of the particles and the 4 forces.",
		"inside": ["Theory of Everything", "Classical Field"]
	},
	{
		"name": "Quantum Physics",
		"desc": "SPOOKY Physics, with spooky action at a distance and probability stuff.",
		"inside": ["Theory of Everything", "Quantum Field"]
	},
	{
		"name": ["Theory of Everything"],
		"desc": "Stuff like string theory that unites the Standard Model and Quantum Physics.",
		"inside": ["Field"]
	},
	{
		"name": ["Field"],
		"desc": "A bunch of tensors for every particle.",
		"inside": ["Classical Field, Quantum Field"]
	},
	{
		"name": ["Classical Field"],
		"desc": "A bunch of tensors for every particle, useful if no quantum stuff is needed."
	},
	{
		"name": ["Quantum Field"],
		"desc": "Derived verson of Standard Model of Particle Physics for quantum stuff."
	}
]
